<?xml version="1.0" encoding="UTF-8"?>
<project-private xmlns="http://www.netbeans.org/ns/project-private/1">
    <editor-bookmarks xmlns="http://www.netbeans.org/ns/editor-bookmarks/2" lastBookmarkId="0"/>
    <open-files xmlns="http://www.netbeans.org/ns/projectui-open-files/2">
        <group>
            <file>file:/Users/manuelaiello/SourceTree/webappessentials/app/src/main/Raspberry%20Web%20Panel/gulpfile.js</file>
            <file>file:/Users/manuelaiello/SourceTree/webappessentials/app/src/main/Raspberry%20Web%20Panel/.bowerrc</file>
            <file>file:/Users/manuelaiello/SourceTree/webappessentials/app/src/main/Raspberry%20Web%20Panel/public_html/index.html</file>
            <file>file:/Users/manuelaiello/SourceTree/webappessentials/app/src/main/Raspberry%20Web%20Panel/bower.json</file>
            <file>file:/Users/manuelaiello/SourceTree/webappessentials/app/src/main/Raspberry%20Web%20Panel/Gruntfile.js</file>
            <file>file:/Users/manuelaiello/SourceTree/webappessentials/app/src/main/Raspberry%20Web%20Panel/package.json</file>
        </group>
    </open-files>
</project-private>
